{"cameraMode":{"drawMode":0,"name":"Shaded","section":"Shading Mode"},"sceneLighting":true,"audioPlay":false,"sceneViewState":{"m_AlwaysRefresh":false,"showFog":true,"showSkybox":true,"showFlares":true,"showImageEffects":true,"showParticleSystems":true,"showVisualEffectGraphs":true,"m_FxEnabled":true},"in2DMode":false,"pivot":{"x":-11.713020324707032,"y":-0.9945042133331299,"z":2.5766661167144777},"rotation":{"x":-0.0824669674038887,"y":0.8189472556114197,"z":-0.12142767012119293,"w":-0.5548632144927979},"size":15.587346076965332,"orthographic":false}