{"cameraMode":{"drawMode":0,"name":"Shaded","section":"Shading Mode"},"sceneLighting":true,"audioPlay":false,"sceneViewState":{"m_AlwaysRefresh":false,"showFog":true,"showSkybox":true,"showFlares":true,"showImageEffects":true,"showParticleSystems":true,"showVisualEffectGraphs":true,"m_FxEnabled":true},"in2DMode":false,"pivot":{"x":-32.63438034057617,"y":2.7114405632019045,"z":-0.28805652260780337},"rotation":{"x":-0.036993641406297687,"y":0.7235967516899109,"z":-0.040954723954200748,"w":-0.6880471706390381},"size":3.6935482025146486,"orthographic":false}